"phase","script","tx","p50_ms","p95_ms","max_ms"
"no drain","perfmon_stats","7","29.7","144.2","144.2"
"no drain","wait_stats","1","12.0","12.0","12.0"
"no drain","file_io_stats","5","16.6","40.0","40.0"
"no drain","query_stats","3","57.4","85.5","85.5"
"no drain","collection_log","42","12.0","49.3","179.9"
"no drain","cpu_utilization_stats","45","11.3","153.3","250.7"
"no drain","query_store_stats","5","30.8","459.2","459.2"
"wait_stats","perfmon_stats","6","12.8","17.3","17.3"
"wait_stats","wait_stats","4","7.8","16.8","16.8"
"wait_stats","file_io_stats","5","10.8","15.0","15.0"
"wait_stats","query_stats","3","29.1","39.9","39.9"
"wait_stats","collection_log","7","13.4","220.9","220.9"
"wait_stats","cpu_utilization_stats","11","15.8","275.6","275.6"
"perfmon_stats","wait_stats","3","27.2","34.5","34.5"
"perfmon_stats","file_io_stats","5","17.6","275.3","275.3"
"perfmon_stats","query_stats","1","254.4","254.4","254.4"
"perfmon_stats","collection_log","12","14.6","94.5","94.5"
"perfmon_stats","cpu_utilization_stats","10","15.4","261.8","261.8"
"file_io_stats","perfmon_stats","1","60.3","60.3","60.3"
"file_io_stats","wait_stats","4","15.4","17.2","17.2"
"file_io_stats","file_io_stats","4","8.8","187.6","187.6"
"file_io_stats","query_stats","3","29.9","719.5","719.5"
"file_io_stats","collection_log","15","9.5","334.6","334.6"
"file_io_stats","cpu_utilization_stats","15","11.1","103.3","103.3"
"file_io_stats","query_store_stats","3","20.2","21.7","21.7"
