"table","rows_in_window","rows_per_hour","batch_rows","share_percent","cumulative_percent","in_mix","note"
"perfmon_stats","17760","740","60","38.97","38.97","True",""
"wait_stats","12040","501.7","40","26.42","65.39","True",""
"file_io_stats","6020","250.8","20","13.21","78.6","True",""
"query_stats","4470","186.2","15","9.81","88.41","True",""
"collection_log","1794","74.8","1","3.94","92.35","True",""
"cpu_utilization_stats","1747","72.8","1","3.83","96.18","True",""
"query_store_stats","1740","72.5","12","3.82","100","True",""
"ag_database_replica_states","0","0","0","0","100","False",""
"pg_wait_stats","0","0","0","0","100","False",""
"pg_wait_sampling","0","0","0","0","100","False",""
"pg_table_bloat_stats","0","0","0","0","100","False",""
"pg_statement_stats","0","0","0","0","100","False",""
"pg_session_states","0","0","0","0","100","False",""
"pg_replication_stats","0","0","0","0","100","False",""
"pg_replication_slot_stats","0","0","0","0","100","False",""
"pg_predicate_stats","0","0","0","0","100","False",""
"pg_plan_capture_readiness","0","0","0","0","100","False",""
"pg_plan_capture","0","0","0","0","100","False",""
"pg_server_config","0","0","0","0","100","False",""
"pg_wraparound_stats","0","0","0","0","100","False",""
"plan_cache_stats","0","0","0","0","100","False",""
"pg_xmin_horizon","0","0","0","0","100","False",""
"plan_correction","0","0","0","0","100","False",""
"procedure_stats","0","0","0","0","100","False",""
"pvs_stats","0","0","0","0","100","False",""
"query_snapshots","0","0","0","0","100","False",""
"running_jobs","0","0","0","0","100","False",""
"server_properties","0","0","0","0","100","False",""
"session_stats","0","0","0","0","100","False",""
"session_summary_stats","0","0","0","0","100","False",""
"spinlock_stats","0","0","0","0","100","False",""
"system_health_events","0","0","0","0","100","False",""
"tempdb_stats","0","0","0","0","100","False",""
"pg_write_stats","0","0","0","0","100","False",""
"pg_log_events","0","0","0","0","100","False",""
"pg_io_stats","0","0","0","0","100","False",""
"pg_kernel_stats","0","0","0","0","100","False",""
"ag_replica_states","0","0","0","0","100","False",""
"agent_status","0","0","0","0","100","False",""
"blocked_process_reports","0","0","0","0","100","False",""
"cpu_scheduler_stats","0","0","0","0","100","False",""
"database_size_stats","0","0","0","0","100","False",""
"database_states","0","0","0","0","100","False",""
"deadlocks","0","0","0","0","100","False",""
"default_trace_events","0","0","0","0","100","False",""
"dmv_blocking_snapshots","0","0","0","0","100","False",""
"index_object_stats","0","0","0","0","100","False",""
"job_history","0","0","0","0","100","False",""
"latch_stats","0","0","0","0","100","False",""
"long_query_completions","0","0","0","0","100","False",""
"pg_lock_stats","0","0","0","0","100","False",""
"memory_clerks","0","0","0","0","100","False",""
"memory_pressure_events","0","0","0","0","100","False",""
"memory_stats","0","0","0","0","100","False",""
"pg_autovacuum_stats","0","0","0","0","100","False",""
"pg_blocking_edges","0","0","0","0","100","False",""
"pg_buffer_usage","0","0","0","0","100","False",""
"pg_column_stats","0","0","0","0","100","False",""
"pg_cpu_utilization","0","0","0","0","100","False",""
"pg_database_size_stats","0","0","0","0","100","False",""
"pg_database_stats","0","0","0","0","100","False",""
"pg_deadlocks","0","0","0","0","100","False",""
"pg_extension_availability","0","0","0","0","100","False",""
"pg_index_bloat","0","0","0","0","100","False",""
"pg_index_usage_stats","0","0","0","0","100","False",""
"memory_grant_stats","0","0","0","0","100","False",""
"waiting_tasks","0","0","0","0","100","False",""
